cohort,mission_ordinal,episode_id,arm,valid,observed_attempts,success,oracle_success,upstream_collision_flag,any_sampled_endpoint_contact,terminal_endpoint_contact,terminal_loop_index,final_target_distance_m,termination_reason,accepted_reset,observations_recorded,policy_outputs_recorded,actions_completed,generate_host_interval_count,generate_host_seconds_total,generate_host_seconds_mean,generate_host_seconds_median,comparison_source_id,analysis_source_id
development,1,071b894c-135b-40bb-9305-c132da19dee7,original,True,1,False,False,True,True,True,37,69.97581950827565,upstream_collision_flag,True,38,37,37,37,16.569418579,0.4478221237567568,0.445059957,development-comparison,development-original-analysis
development,2,196334ed-54be-40f2-864a-3eb94b59b4cc,original,True,1,True,True,False,False,False,58,1.0751668355626844,success,True,59,58,58,58,25.749918602,0.4439641138275862,0.4394346455,development-comparison,development-original-analysis
development,3,1b11065c-79e7-4414-a668-4fef823a8588,original,True,1,False,False,True,True,True,17,96.4172577306623,upstream_collision_flag,True,18,17,17,17,7.551057084,0.44417982847058823,0.441126703,development-comparison,development-original-analysis
development,4,249392f7-8340-47c4-af61-4ddfb1a424d5,original,True,1,False,False,True,False,False,2,63.325953650574014,upstream_collision_flag,True,3,2,2,2,0.897397847,0.4486989235,0.4486989235,development-comparison,development-original-analysis
development,5,25620336-ccad-4368-a707-d3cc78fac870,original,True,1,False,False,True,True,True,20,105.99052669263574,upstream_collision_flag,True,21,20,20,20,8.812705219,0.44063526095,0.4386986275,development-comparison,development-original-analysis
development,6,343f9571-0628-45c1-87dd-23c71aea1ce8,original,True,1,False,False,True,False,False,16,73.22261362237114,upstream_collision_flag,True,17,16,16,16,7.058643511,0.4411652194375,0.4390117555,development-comparison,development-original-analysis
development,7,46106a1d-aea0-4123-89d8-6cdff164a339,original,True,1,False,True,False,False,False,75,2.5551677640536608,oracle_success,True,76,75,75,75,33.792594511,0.45056792681333335,0.441225175,development-comparison,development-original-analysis
development,8,4685a1f7-b057-459d-af35-5445e9fbdfa8,original,True,1,False,False,True,False,False,29,40.5139079051225,upstream_collision_flag,True,30,29,29,29,12.674749795,0.4370603377586207,0.435152786,development-comparison,development-original-analysis
development,9,4d0c6483-7c4b-4c92-a747-0097acd132af,original,True,1,True,True,False,False,False,36,10.75852989335781,success,True,37,36,36,36,15.556918806,0.4321366335,0.4311194035,development-comparison,development-original-analysis
development,10,52eb0469-3bf8-4a19-bbb7-5c6f3a1f6cd0,original,True,1,True,True,False,False,False,25,3.340004305210786,success,True,26,25,25,25,11.20170033,0.4480680132,0.443919449,development-comparison,development-original-analysis
development,11,5762cc30-9ab6-422a-9ddd-37acc49174ce,original,True,1,True,True,False,False,False,37,2.11273242010826,success,True,38,37,37,37,16.467311,0.44506245945945944,0.441138268,development-comparison,development-original-analysis
development,12,6f56bc1b-9d07-4f5d-abc7-29d417282235,original,True,1,False,False,True,True,False,14,49.0956768877014,upstream_collision_flag,True,15,14,14,14,6.104922318,0.43606587985714285,0.4313834755,development-comparison,development-original-analysis
development,13,928aab24-5ec5-45f3-8a86-675dad1d2006,original,True,1,False,False,True,True,True,23,43.19254470346816,upstream_collision_flag,True,24,23,23,23,10.176473497,0.4424553694347826,0.440431395,development-comparison,development-original-analysis
development,14,a04d1fec-4ecf-480f-9dd4-d9197475cc16,original,True,1,False,False,True,False,False,18,69.98180429423782,upstream_collision_flag,True,19,18,18,18,7.921544082,0.44008578233333334,0.438571684,development-comparison,development-original-analysis
development,15,a45a5217-abd3-403e-845e-082913f0c4ef,original,True,1,False,False,True,True,True,45,36.58779766518845,upstream_collision_flag,True,46,45,45,45,19.920436227,0.4426763606,0.438588391,development-comparison,development-original-analysis
development,16,d43dd483-c91d-45d2-9e94-9331cfafd8cb,original,True,1,True,True,False,False,False,39,1.0795026462891273,success,True,40,39,39,39,17.360813058,0.4451490527692308,0.436528947,development-comparison,development-original-analysis
development,17,d60e500c-d4ed-4df5-ab30-0de282ca9f18,original,True,1,False,False,True,True,True,9,37.01045379565329,upstream_collision_flag,True,10,9,9,9,4.396023334,0.4884470371111111,0.450953316,development-comparison,development-original-analysis
development,18,e319e8e1-93e1-4196-b791-4dfabb42c3eb,original,True,1,True,True,False,False,False,32,4.258581331356139,success,True,33,32,32,32,14.197656702,0.4436767719375,0.4366407295,development-comparison,development-original-analysis
development,19,f14e7115-e964-47b9-89cf-b6069541ba8c,original,True,1,False,False,True,True,True,17,35.64243595824442,upstream_collision_flag,True,18,17,17,17,7.5185086309999996,0.4422652135882353,0.439680945,development-comparison,development-original-analysis
development,20,f42e6ff3-1f24-4dea-8ea6-990784e9df06,original,True,1,False,False,True,True,True,28,43.69942304723963,upstream_collision_flag,True,29,28,28,28,12.44511162,0.44446827214285717,0.4410192985,development-comparison,development-original-analysis
development,1,071b894c-135b-40bb-9305-c132da19dee7,candidate,True,1,False,False,True,False,False,36,66.53679569337406,upstream_collision_flag,True,37,36,36,36,16.216801545,0.45046670958333335,0.4488578395,development-comparison,development-candidate-analysis
development,2,196334ed-54be-40f2-864a-3eb94b59b4cc,candidate,True,1,False,False,True,False,False,43,31.685402672032378,upstream_collision_flag,True,44,43,43,43,19.170893457,0.4458347315581395,0.441276337,development-comparison,development-candidate-analysis
development,3,1b11065c-79e7-4414-a668-4fef823a8588,candidate,True,1,False,True,True,False,False,41,6.501984924773389,oracle_success,True,42,41,41,41,18.689171637,0.4558334545609756,0.454149478,development-comparison,development-candidate-analysis
development,4,249392f7-8340-47c4-af61-4ddfb1a424d5,candidate,True,1,False,False,True,False,False,2,63.316599858479464,upstream_collision_flag,True,3,2,2,2,0.934774521,0.4673872605,0.4673872605,development-comparison,development-candidate-analysis
development,5,25620336-ccad-4368-a707-d3cc78fac870,candidate,True,1,False,False,True,False,False,22,112.74910136637308,upstream_collision_flag,True,23,22,22,22,10.006083466,0.45482197572727273,0.452081076,development-comparison,development-candidate-analysis
development,6,343f9571-0628-45c1-87dd-23c71aea1ce8,candidate,True,1,True,True,False,True,False,37,3.6391515208537006,success,True,38,37,37,37,16.589934906,0.44837661908108106,0.445521663,development-comparison,development-candidate-analysis
development,7,46106a1d-aea0-4123-89d8-6cdff164a339,candidate,True,1,False,False,True,True,True,23,70.0686135598172,upstream_collision_flag,True,24,23,23,23,9.432619751999999,0.4101139022608696,0.439144646,development-comparison,development-candidate-analysis
development,8,4685a1f7-b057-459d-af35-5445e9fbdfa8,candidate,True,1,False,False,True,True,False,13,41.99435818259509,upstream_collision_flag,True,14,13,13,13,5.742698391,0.4417460300769231,0.443269103,development-comparison,development-candidate-analysis
development,9,4d0c6483-7c4b-4c92-a747-0097acd132af,candidate,True,1,False,True,True,False,False,34,3.8450727037603585,oracle_success,True,35,34,34,34,15.361316833,0.45180343626470587,0.44762951949999996,development-comparison,development-candidate-analysis
development,10,52eb0469-3bf8-4a19-bbb7-5c6f3a1f6cd0,candidate,True,1,True,True,False,False,False,26,4.067184186574593,success,True,27,26,26,26,11.706279469,0.4502415180384615,0.45061559900000003,development-comparison,development-candidate-analysis
development,11,5762cc30-9ab6-422a-9ddd-37acc49174ce,candidate,True,1,True,True,False,False,False,32,3.959747429386342,success,True,33,32,32,32,14.247048061,0.44522025190625,0.441947997,development-comparison,development-candidate-analysis
development,12,6f56bc1b-9d07-4f5d-abc7-29d417282235,candidate,True,1,False,False,True,False,False,7,52.445193579473155,upstream_collision_flag,True,8,7,7,7,3.064651046,0.4378072922857143,0.4394029,development-comparison,development-candidate-analysis
development,13,928aab24-5ec5-45f3-8a86-675dad1d2006,candidate,True,1,False,False,True,True,True,32,42.58775175376064,upstream_collision_flag,True,33,32,32,32,14.145050723,0.44203283509375,0.441289178,development-comparison,development-candidate-analysis
development,14,a04d1fec-4ecf-480f-9dd4-d9197475cc16,candidate,True,1,False,False,True,False,False,18,74.48910928042615,upstream_collision_flag,True,19,18,18,18,7.950659533,0.4417033073888889,0.4356365505,development-comparison,development-candidate-analysis
development,15,a45a5217-abd3-403e-845e-082913f0c4ef,candidate,True,1,False,False,True,True,True,28,37.067434855206784,upstream_collision_flag,True,29,28,28,28,12.664632632,0.4523083082857143,0.448567638,development-comparison,development-candidate-analysis
development,16,d43dd483-c91d-45d2-9e94-9331cfafd8cb,candidate,True,1,True,True,False,False,False,35,4.156667760577004,success,True,36,35,35,35,15.737205887,0.4496344539142857,0.444459894,development-comparison,development-candidate-analysis
development,17,d60e500c-d4ed-4df5-ab30-0de282ca9f18,candidate,True,1,True,True,False,False,False,22,3.48755833165441,success,True,23,22,22,22,10.27447733,0.4670216968181818,0.4519861935,development-comparison,development-candidate-analysis
development,18,e319e8e1-93e1-4196-b791-4dfabb42c3eb,candidate,True,1,True,True,False,False,False,29,3.687061655000557,success,True,30,29,29,29,13.036584623,0.44953740079310345,0.442480014,development-comparison,development-candidate-analysis
development,19,f14e7115-e964-47b9-89cf-b6069541ba8c,candidate,True,1,False,False,True,True,True,18,35.7483700009129,upstream_collision_flag,True,19,18,18,18,7.924381854,0.44024343633333335,0.4361465295,development-comparison,development-candidate-analysis
development,20,f42e6ff3-1f24-4dea-8ea6-990784e9df06,candidate,True,1,True,True,False,False,False,59,2.646000725041083,success,True,60,59,59,59,26.517762543,0.44945360242372884,0.4444681,development-comparison,development-candidate-analysis
holdout,1,8daaf47b-a164-49f8-b6f8-3e63fae02f72,original,True,1,True,True,False,False,False,37,5.286818494399509,success,True,38,37,37,37,16.706571577,0.45152896154054056,0.446658226,holdout-comparison,holdout-original-analysis
holdout,2,44f9a56c-df6f-4c24-88cf-cd6d65118733,original,True,1,False,False,True,False,False,9,73.01246415200146,upstream_collision_flag,True,10,9,9,9,4.0151537909999995,0.446128199,0.440862885,holdout-comparison,holdout-original-analysis
holdout,3,71108556-bce9-441f-ace4-a3b351de20ed,original,True,1,False,False,True,True,True,35,20.714705007526682,upstream_collision_flag,True,36,35,35,35,15.889334736,0.45398099245714285,0.448175062,holdout-comparison,holdout-original-analysis
holdout,4,7eda8e52-81dd-4604-869e-b0f9e285639b,original,True,1,False,True,True,True,True,21,6.313144350807309,oracle_success,True,22,21,21,21,9.415195523,0.44834264395238094,0.442609604,holdout-comparison,holdout-original-analysis
holdout,5,3738e6c6-c30f-4109-bab9-87f8e67ed682,original,True,1,False,False,True,False,False,20,41.78540020886933,upstream_collision_flag,True,21,20,20,20,9.068164823,0.45340824115,0.4471331705,holdout-comparison,holdout-original-analysis
holdout,6,611630c3-9786-455e-80d7-b4f2fdb50275,original,True,1,True,True,False,False,False,63,3.2548940120680188,success,True,64,63,63,63,28.714637654,0.45578789926984126,0.449722525,holdout-comparison,holdout-original-analysis
holdout,7,6452f234-efba-4088-bc9a-39130a811007,original,True,1,False,False,True,False,False,10,35.94571650036053,upstream_collision_flag,True,11,10,10,10,4.642112015,0.4642112015,0.46419190899999996,holdout-comparison,holdout-original-analysis
holdout,8,1f90a8a5-a80e-41b9-8a48-8b60af633a51,original,True,1,False,True,True,True,True,18,7.213444091376893,oracle_success,True,19,18,18,18,8.476303381,0.4709057433888889,0.4501503155,holdout-comparison,holdout-original-analysis
holdout,9,8285681c-d33a-4b60-8ebf-3ac47b465658,original,True,1,True,True,False,True,False,27,4.187260792084453,success,True,28,27,27,27,12.355427811,0.45760843744444446,0.45133553,holdout-comparison,holdout-original-analysis
holdout,10,ecdd2a97-5a3d-4626-878b-0abf79115d4f,original,True,1,False,True,True,True,True,38,6.011300713946264,oracle_success,True,39,38,38,38,17.091519414,0.44977682668421054,0.4460618415,holdout-comparison,holdout-original-analysis
holdout,1,8daaf47b-a164-49f8-b6f8-3e63fae02f72,candidate,True,1,True,True,False,False,False,45,3.5438405814199885,success,True,46,45,45,45,20.232145541,0.4496032342444444,0.442457975,holdout-comparison,holdout-candidate-analysis
holdout,2,44f9a56c-df6f-4c24-88cf-cd6d65118733,candidate,True,1,True,True,False,False,False,34,3.5700985032715518,success,True,35,34,34,34,15.381453619,0.4523956946764706,0.4447543975,holdout-comparison,holdout-candidate-analysis
holdout,3,71108556-bce9-441f-ace4-a3b351de20ed,candidate,True,1,False,True,False,False,False,25,6.848381343187819,oracle_success,True,26,25,25,25,11.491867056,0.45967468224,0.450822471,holdout-comparison,holdout-candidate-analysis
holdout,4,7eda8e52-81dd-4604-869e-b0f9e285639b,candidate,True,1,False,False,True,False,False,3,51.37003121701885,upstream_collision_flag,True,4,3,3,3,1.441225591,0.4804085303333333,0.472798432,holdout-comparison,holdout-candidate-analysis
holdout,5,3738e6c6-c30f-4109-bab9-87f8e67ed682,candidate,True,1,False,False,True,False,False,18,45.033448864526946,upstream_collision_flag,True,19,18,18,18,7.995580278,0.4441989043333333,0.4395321415,holdout-comparison,holdout-candidate-analysis
holdout,6,611630c3-9786-455e-80d7-b4f2fdb50275,candidate,True,1,True,True,False,False,False,59,5.018762405923697,success,True,60,59,59,59,26.330813605,0.44628497635593223,0.441113823,holdout-comparison,holdout-candidate-analysis
holdout,7,6452f234-efba-4088-bc9a-39130a811007,candidate,True,1,False,False,True,True,True,11,36.04774000484649,upstream_collision_flag,True,12,11,11,11,4.956682876,0.4506075341818182,0.444883044,holdout-comparison,holdout-candidate-analysis
holdout,8,1f90a8a5-a80e-41b9-8a48-8b60af633a51,candidate,True,1,True,True,False,False,False,23,4.376660211060446,success,True,24,23,23,23,10.567832844,0.4594709932173913,0.440520426,holdout-comparison,holdout-candidate-analysis
holdout,9,8285681c-d33a-4b60-8ebf-3ac47b465658,candidate,True,1,False,False,True,True,True,23,33.89457734889161,upstream_collision_flag,True,24,23,23,23,10.39544536,0.4519758852173913,0.447214198,holdout-comparison,holdout-candidate-analysis
holdout,10,ecdd2a97-5a3d-4626-878b-0abf79115d4f,candidate,True,1,False,False,True,False,False,12,53.42075073947072,upstream_collision_flag,True,13,12,12,12,5.260757786,0.43839648216666666,0.43285408049999996,holdout-comparison,holdout-candidate-analysis
